{
  "I18N.LANGUAGE": "Deutsch",
  "I18N.MAINTAINERS": ["Hydroxi"],

  "Activate": "Aktivieren",
  "Documentation": "Dokumentation",
  "Character": "Charakter",
  "Configure": "Konfigurieren",
  "Degrees": "Grad",
  "GridUnits": "Rastereinheiten",
  "Elevation": "Höhe",
  "Foundry Virtual Tabletop": "Foundry Virtual Tabletop",
  "Height": "Höhe",
  "Hidden": "Versteckt,",
  "Notes": "Notizen",
  "Preload": "Vorladen",
  "Update": "Aktualisieren",
  "Packs": "Pakete",
  "Pixels": "Pixel",
  "Ratio": "Verhältnis",
  "Rotation": "Rotation",
  "SaveChanges": "Änderungen speichern",
  "Scale": "Skalierung",
  "Width": "Breite",
  "XCoord": "X-Koordinate",
  "YCoord": "Y-Koordinate",

  "CONTROLS.HeaderCanvas": "Spielfeld Objekt Kontrollen",
  "CONTROLS.HeaderGame": "Spiel Kontrollen",
  "CONTROLS.HeaderToken": "Spielfigur Kontrollen",
  "CONTROLS.HeaderWalls": "Wand Ebenen Kontrollen (GM)",
  "CONTROLS.GameMenu": "Hauptmenü umschalten",
  "CONTROLS.GameClose": "Offene Fenster schließen",
  "CONTROLS.GamePause": "Pause umschalten (GM)",
  "CONTROLS.CanvasCancel": "Bewegung abbrechen",
  "CONTROLS.CanvasConfigure": "Spielfeld Objekt konfigurieren (GM)",
  "CONTROLS.CanvasCopy": "Spielfeld Objekt kopieren (GM)",
  "CONTROLS.CanvasDelete": "Ausgewählte Elemente löschen (GM)",
  "CONTROLS.CanvasMeasure": "Entfernung mit Lineal messen",
  "CONTROLS.CanvasWaypoint": "Messpunkt platzieren",
  "CONTROLS.CanvasMove": "Objekt bewegen",
  "CONTROLS.CanvasNoSnap": "Nicht an Raster ausrichten",
  "CONTROLS.CanvasPan": "Spielfeld drehen",
  "CONTROLS.CanvasPaste": "Spielfeld Objekt kopieren (GM)",
  "CONTROLS.CanvasReset": "Ansicht zurücksetzen",
  "CONTROLS.CanvasUndo": "Spielfeld Operation zruücksetzen",
  "CONTROLS.CanvasZoom": "Spielfeld Zoomen",
  "CONTROLS.LeftClick": "Linksklick",
  "CONTROLS.LeftClick2": "Doppelklick links",
  "CONTROLS.LeftDrag": "Linksklick ziehen",
  "CONTROLS.RightDrag": "Rechtsklick ziehen",
  "CONTROLS.MouseWheel": "Mausrad",
  "CONTROLS.DragDrop": "Ziehen und ablegen",
  "CONTROLS.Instructions": "Dieses Formular beschreibt gängige Tastatur- und Mausbefehle, mit denen verschiedene Aspekte von Foundry VTT gesteuert werden.",
  "CONTROLS.RightClick": "Rechtsklick",
  "CONTROLS.Title": "Steuerung",
  "CONTROLS.TokenCycle": "Spielfiguren wechseln",
  "CONTROLS.TokenFace": "Blickrichtung",
  "CONTROLS.TokenHUD": "Spielfigur HUD",
  "CONTROLS.TokenHighlight": "Spielfiguren hervorheben",
  "CONTROLS.TokenPlace": "Spielfigur platzieren",
  "CONTROLS.TokenPlaceHidden": "Versteckte Spielfigur platzieren (GM)",
  "CONTROLS.TokenKeyMove": "Tastatur Bewegung",
  "CONTROLS.TokenDiagMove": "Diagonale Bewegung",
  "CONTROLS.TokenMoveMeasure": "Gemessenen Pfad folgen",
  "CONTROLS.TokenRotateFast": "Spielfigur drehen (schnell)",
  "CONTROLS.TokenRotateSlow": "Spielfigur drehen (langsam)",
  "CONTROLS.TokenSet": "Mehrfachauswahl",
  "CONTROLS.TokenSheet": "Charakterblatt zeigen",
  "CONTROLS.TokenWhileMeasure": "während der Messung",
  "CONTROLS.WallChain": "Wände verknüpfen",
  "CONTROLS.WallSelectChain": "Veknüpfte Wände auswählen",

  "INVITATIONS.Copied": "Einladungslink kopiert.",
  "INVITATIONS.Instructions": "Teile die untenstehenden Einladungslinks mit Benutzern, die du an deinem Spiel teilnehmen lassen möchtest. Der lokale Einladungslink ist für Benutzer in deinem lokalen Netzwerk, während sich der Internetlink über das Internet auf dem konfigurierten Port verbindet.",
  "INVITATIONS.Internet": "Internet",
  "INVITATIONS.Local": "Lokales Netzwerk",
  "INVITATIONS.Title": "Einladungslinks",

  "MENU.Reload": "Anwendung neu laden",
  "MENU.Logout": "Abmelden",
  "MENU.Players": "Spieler konfigurieren",
  "MENU.World": "Welt wechseln",

  "MODMANAGE.Title": "Modul Verwaltung",
  "MODMANAGE.Instructions": "Benutze  dieses Formular, um zu konfigurieren, welche Module in deiner aktuellen Welt aktiv sind. Bei einer Änderung wird die Welt erneut geladen.",
  "MODMANAGE.Submit": "Module aktualisieren",

  "SCENES.ToggleNav": "Navigation umschalten",

  "SETTINGS.Configure": "Einstellungen",
  "SETTINGS.Controls": "Steuerung",
  "SETTINGS.Docs": "Anleitung",
  "SETTINGS.Invite": "Invitation Links",
  "SETTINGS.Manage": "Module verwalten",
  "SETTINGS.Title": "Spieleinstellungen",
  "SETTINGS.Update": "Software aktualisieren",
  "SETTINGS.ModulesHeader": "Spielsystem und Module",
  "SETTINGS.SettingsHeader": "Spiel Einstellungen",
  "SETTINGS.InviteHeader": "Einladungslinks",

  "SETTINGS.LangN": "Sprachen",
  "SETTINGS.LangL": "Wechselt die aktuelle Sprache von Foundry Virtual Tabletop.",
  "SETTINGS.TrustUpN": "Uploads vertrauenswürdigen Spielern erlauben",
  "SETTINGS.TrustUpL": "Erlaubt Spielern mit der Berechtigungsstufe Vertrauenswürdig, Bilder oder Audiodateien in das öffentliche Verzeichnis des Hostservers hochzuladen.",
  "SETTINGS.PDoorN": "Spieler dürfen Türen öffnen",
  "SETTINGS.PDoorL": "Ermöglicht es den Spielern, mit Türen zu interagieren. Wenn diese Option deaktiviert ist, werden Türsymbole angezeigt, die anzeigen, dass eine Tür vorhanden ist, aber nur GM-Benutzer können sie öffnen oder schließen.",
  "SETTINGS.CBubN": "Sprechblasen aktivieren",
  "SETTINGS.CBubL": "Konfiguriert, ob Chat-Blasen über den Spielfiguren angezeigt werden oder nicht.",
  "SETTINGS.SMesgN": "Flüstern aktivieren",
  "SETTINGS.SMesgL": "Ermöglicht es Spielern, sich gegenseitig flüsternde Nachrichten zu senden, die der Spielleiter nicht sehen kann. Wenn dies deaktiviert ist, können GM-Benutzer den Inhalt von Nachrichten lesen.",
  "SETTINGS.SoftSN": "Weiche Schatten aktivieren",
  "SETTINGS.SoftSL": "Aktiviert weiche Schatten für eine schönere, dynamische Beleuchtung  auf lasten der Leistung.",
  "SETTINGS.CursorN": "Zeige Spielermauszeiger",
  "SETTINGS.CursorL": "Zeigt die Position der Mauszeiger der Spieler an",

  "TOKEN.Assign": "Spielfigur zuweisen",
  "TOKEN.CharActor": "Verkörperter Charakter",
  "TOKEN.CharDisposition": "Gesinnung",
  "TOKEN.CharInstructions": "Konfiguriere, welcher Charakter mit der Spielfigur verknüpft ist.",
  "TOKEN.CharLink": "Charakter verknüpfen",
  "TOKEN.CharNameplate": "Name",
  "TOKEN.CharShowNameplate": "Namensanzeigen",
  "TOKEN.ImageAlts": "Alternative Spielfiguren",
  "TOKEN.ImageInstructions": "Konfiguriere das Bild und die Größe der Spielfigur",
  "TOKEN.ImagePath": "Spielfigur Bild Pfad",
  "TOKEN.PositionInstructions": "Konfiguriere die Position, Drehung und Höhe der Spielfigur",
  "TOKEN.PositionLock": "Drehung sperren",
  "TOKEN.RandomImg": "Zufällige Platzhalter Bilder",
  "TOKEN.ResourceInstructions": "Konfiguriere die Ressourcen-Balken der Spielfigur",
  "TOKEN.ResourceBar1A": "Balken 1 Attribut",
  "TOKEN.ResourceBar1D": "Balken 1 Werte",
  "TOKEN.ResourceBar2A": "Balken 2 Attribut",
  "TOKEN.ResourceBar2D": "Balken 2 Werte",
  "TOKEN.ResourceDisplay": "Balken anzeigen",
  "TOKEN.Title": "Spielfigur Konfiguration",
  "TOKEN.TitlePrototype": "Prototyp Spielfigur",
  "TOKEN.Update": "Spielfigur aktualisieren",
  "TOKEN.VisionInstructions": "Konfiguriere die Sich und Lichtausstrahlung der Spielfigur",
  "TOKEN.VisionHas": "Hat Sicht",
  "TOKEN.VisionBrightDist": "Helle Sicht",
  "TOKEN.VisionBrightEmit": "Helles Licht",
  "TOKEN.VisionDimDist": "Dämmrige Sicht",
  "TOKEN.VisionDimEmit": "Dämmriges Licht",
  "TOKEN.HOSTILE": "Feindselig",
  "TOKEN.NEUTRAL": "Neutral",
  "TOKEN.FRIENDLY": "Freundlich",

  "WALLS.Title": "Wand Konfiguration",
  "WALLS.TitleMany": "Wand Konfiguration [mehrfach]",
  "WALLS.Instructions": "Konfiguriere, wie die Wand Bewegung oder Sicht einschränkt.",
  "WALLS.Coordinates": "Wand Koordinaten",
  "WALLS.Movement": "Bewegungseinschränkungen",
  "WALLS.Senses": "Sichteinschränkungen",
  "WALLS.Direction": "Wand Richtung",
  "WALLS.Door": "Ist Tür?",
  "WALLS.DoorState": "Tür Status",
  "WALLS.Submit": "Wand aktualisieren"
}
