{
    "I18N.LANGUAGE": "Deutsch",
    "I18N.MAINTAINERS": ["Hydroxi | lutece"],

    "Activate": "Aktivieren",
    "Author": "Autor",
    "Cancel": "Abbrechen",
    "Character": "Charakter",
    "Configure": "Konfigurieren",
    "Degrees": "Grad",
    "Default": "Standard",
    "Delete": "Löschen",
    "Documentation": "Dokumentation",
    "Duplicate": "Duplizieren",
    "GridUnits": "Grid Unit",
    "Install": "Installieren",
    "Elevation": "Höhe",
    "Foundry Virtual Tabletop": "Foundry Virtual Tabletop",
    "File Path": "Dateipfad",
    "Height": "Höhe",
    "Hidden": "Versteckt",
    "Name": " Name",
    "No": "Nein",
    "Notes": "Notizen",
    "Preload": "Vorladen",
    "Token": "Spielfigur",
    "Path": "Pfad",
    "Packs": "Pakete",
    "Permissions": "Rechte",
    "Pixels": "Pixel",
    "Ratio": "Verhältnis",
    "Rotation": "Drehung",
    "Save Changes": "Änderungen speichern",
    "Scale": "Maßstab",
    "Sheet": "Bogen",
    "System": "System",
    "Type": "Typ",
    "Uninstall": "Deinstallieren",
    "Update": "Aktualisieren",
    "URL": "URL",
    "Width": "Breite",
    "XCoord": "X-Koordinate",
    "YCoord": "Y-Koordinate",
    "Yes": "Ja",

    "ACTOR.Title": "Charakter-Verzeichnis",
    "ACTOR.Create": "Charakter erstellen",
    "ACTOR.Search": "Charakter suchen",

    "CHAT.Clear": "Nachrichten löschen",
    "CHAT.Export": "Nachrichten exportieren",
    "CHAT.FlushTitle": "Nachrichten löschen",
    "CHAT.FlushWarning": "<h3>Bist du sicher?</h3><p>Alle Nachrichten werden gelöscht.</p>",
    "CHAT.Title": "Nachrichten",
    "CHAT.To": "An",
    "CHAT.RollBlind": "Verdeckter SL-Wurf",
    "CHAT.RollDefault": "Standard Würfel-Modus",
    "CHAT.RollPublic": "Öffentlicher Wurf",
    "CHAT.RollPrivate": "Privater SL-Wurf",
    "CHAT.RollTables": "Würfel-Tabellen",

    "COMBAT.Begin": "Kampf beginnen",
    "COMBAT.Create": "Begegnung erstellen",
    "COMBAT.Delete": "Begegnung löschen",
    "COMBAT.Encounter": "Begegnung",
    "COMBAT.EncounterPrevious": "Letzte Begegnung starten",
    "COMBAT.EncounterNext": "Nächste Begegnung starten",
    "COMBAT.End": "Kampf beenden",
    "COMBAT.InitiativeRoll": "Initiative würfeln",
    "COMBAT.InitiativeReset": "Initiative zurücksetzen",
    "COMBAT.None": "Keine aktiven Begegnungen",
    "COMBAT.NotStarted": "Nicht gestartet",
    "COMBAT.Resource": "Verfolgte Ressource",
    "COMBAT.ResourceHint": "Wähle ein Attribut, das für jeden Kämpfer verfolgt werden soll.",
    "COMBAT.Round": "Kampfrunde",
    "COMBAT.RoundPrev": "Letzte Runde",
    "COMBAT.RoundNext": "Nächste Runde",
    "COMBAT.RollNPC": "Würfel NSCs",
    "COMBAT.RollAll": "Würfel alle",
    "COMBAT.Settings": "Kampf-Einstellungen",
    "COMBAT.SettingsSave": "Speichere Kampf-Einstellungen",
    "COMBAT.SkipDefeated": "Besiegte überspringen?",
    "COMBAT.SkipDefeatedHint": "Automatisch besiegte Charaktere überspringen?",
    "COMBAT.ToggleVis": "Sichtbare anzeigen",
    "COMBAT.ToggleDead": "Besiegte markieren",
    "COMBAT.TurnEnd": "Runde beenden",
    "COMBAT.TurnNext": "Nächste Runde",
    "COMBAT.TurnPrev": "Vorherige Runde",

    "COMPENDIUM.Name": "Kompendium-Name",
    "COMPENDIUM.Create": "Kompendium erstellen",
    "COMPENDIUM.CreateHint": "Erstelle ein neues Kompendium-Paket in deiner aktuellen Welt.",
    "COMPENDIUM.Delete": "Kompendium löschen",
    "COMPENDIUM.Type": "Entitätstyp",
    "COMPENDIUM.TypeHint": "Jedes Kompendium-Paket enthält einen speziellen Entitätstyp.",
    "COMPENDIUM.MarkPublic": "Als 'Öffentlich' markieren",
    "COMPENDIUM.MarkPrivate": "Als 'Privat' markieren",

    "CONTROLS.GroupBasic": "Basissteuerung",
    "CONTROLS.BasicSelect": "Tokens auswählen",
    "CONTROLS.BasicMeasure": "Entfernung messen",
    "CONTROLS.GroupMeasure": "Messwerkzeuge",
    "CONTROLS.MeasureCircle": "Kreis-Schablone",
    "CONTROLS.MeasureCone": "Kegel-Schablone",
    "CONTROLS.MeasureRect": "Rechteck-Schablone",
    "CONTROLS.MeasureRay": "Strahl-Schablone",
    "CONTROLS.MeasureClear": "Schablonen enfernen",
    "CONTROLS.GroupTile": "Kachel-Steuerung",
    "CONTROLS.TileSelect": "Kacheln auswählen",
    "CONTROLS.TilePlace": "Kachel platzieren",
    "CONTROLS.GroupDrawing": "Zeichenwerkzeuge",
    "CONTROLS.DrawingSelect": "Zeichnungen auswählen",
    "CONTROLS.DrawingRect": "Rechteck zeichnen",
    "CONTROLS.DrawingEllipse": "Kreis zeichnen",
    "CONTROLS.DrawingPoly": "Polygon zeichnen",
    "CONTROLS.DrawingFree": "Freehand zeichnen",
    "CONTROLS.DrawingText": "Text zeichnen",
    "CONTROLS.DrawingClear": "Zeichnungen löschen",
    "CONTROLS.DrawingConfig": "Zeichnung anpassen",
    "CONTROLS.GroupWall": "Wandwerkzeug",
    "CONTROLS.WallDraw": "Wände zeichnen",
    "CONTROLS.WallInvisible": "Unsichbare Wände",
    "CONTROLS.WallTerrain": "Terrain-Wände",
    "CONTROLS.WallEthereal": "Ätherische Wände",
    "CONTROLS.WallDoors": "Türen zeichnen",
    "CONTROLS.WallSecret": "Geheimtüren",
    "CONTROLS.WallClone": "Wände klonen",
    "CONTROLS.WallClear": "Wände löschen",
    "CONTROLS.GroupLighting": "Beleuchtungswerkzeuge",
    "CONTROLS.LightDraw": "Lichtquelle zeichnen",
    "CONTROLS.LightClear": "Lichter löschen",
    "CONTROLS.LightReset": "Kriegsnebel zurücksetzen",
    "CONTROLS.FOWResetTitle": "Aufgedeckten Bereich wieder verstecken?",
    "CONTROLS.FOWResetDesc": "Diese Option setzt den Nebel des Krieges in dieser Szene für alle Spieler zurück.",
    "CONTROLS.GroupSound": "Umgebungsgeräusche",
    "CONTROLS.SoundDraw": "Umgebungsgeräusch zeichnen",
    "CONTROLS.SoundClear": "Geräusche löschen",
    "CONTROLS.GroupNotes": "Gruppen-Notizen",
    "CONTROLS.NoteSelect": "Notizen auswählen",
    "CONTROLS.NoteToggle": "Notizen-Anzeige umschalten",
    "CONTROLS.NoteClear": "Notizen entfernen",
    "CONTROLS.HeaderObjects": "Platzierbare Objekte",
    "CONTROLS.HeaderCanvas": "Leinwand-Objekte",
    "CONTROLS.HeaderGame": "Spielsteuerung",
    "CONTROLS.HeaderToken": "Token-Steuerung",
    "CONTROLS.HeaderWalls": "Wände-Ebenen (SL)",
    "CONTROLS.GameMenu": "Hauptmenü umschalten",
    "CONTROLS.GameClose": "Offene Fenster schließen",
    "CONTROLS.GamePause": "Spiel pausieren/weiterlaufen lassen (SL)",
    "CONTROLS.CanvasCancel": "Anstehende Bewegung abbrechen",
    "CONTROLS.CanvasConfigure": "Leinwand-Objekt Konfigurieren (SL)",
    "CONTROLS.CanvasCopy": "Leinwand-Objekte kopieren (SL)",
    "CONTROLS.CanvasDelete": "Ausgewählte Elemente löschen (SL)",
    "CONTROLS.CanvasMeasure": "Entfernung mit Lineal messen",
    "CONTROLS.CanvasWaypoint": "Messpunkt setzen",
    "CONTROLS.CanvasMove": "Objekt bewegen",
    "CONTROLS.CanvasNoSnap": "Magnetische Platzierung ausschalten",
    "CONTROLS.CanvasPan": "Leinwand schwenken",
    "CONTROLS.CanvasPaste": "Leinwand-Elemente einfügen (SL)",
    "CONTROLS.CanvasReset": "Ansicht zurücksetzen",
    "CONTROLS.CanvasUndo": "Leinwand-Aktion zurücksetzen",
    "CONTROLS.CanvasZoom": "Leinwand vergrößern/verkleinern",
    "CONTROLS.LeftClick": "Linksklick",
    "CONTROLS.LeftClick2": "Doppelklick",
    "CONTROLS.LeftDrag": "mit linker Maustaste ziehen",
    "CONTROLS.RightDrag": "mit rechter Maustaste ziehen",
    "CONTROLS.MouseWheel": "Mausrad",
    "CONTROLS.DragDrop": "Drag and Drop",
    "CONTROLS.Instructions": "Diese Eingabemaske beschreibt typische Tastatur- und Mausbefehle, mit denen verschiedene Aspekte der Foundry Virtual Tabletop-Umgebung gesteuert werden.",
    "CONTROLS.RightClick": "Rechtsklick",
    "CONTROLS.Title": "Spielsteuerungsübersicht",
    "CONTROLS.TokenCycle": "Steuerbare Tokens durchschalten",
    "CONTROLS.TokenFace": "Blickrichtung",
    "CONTROLS.TokenHUD": "Token HUD",
    "CONTROLS.TokenHighlight": "Tokens markieren",
    "CONTROLS.TokenPlace": "Token platzieren",
    "CONTROLS.TokenPlaceHidden": "Versteckten Token platzieren (SL)",
    "CONTROLS.TokenKeyMove": "Keyboard-Bewegung",
    "CONTROLS.TokenDiagMove": "Diagonale Bewegung",
    "CONTROLS.TokenMoveMeasure": "Entlang des gemessenen Pfades bewegen",
    "CONTROLS.TokenRotateFast": "Token rotieren (schnell)",
    "CONTROLS.TokenRotateSlow": "Token rotieren (langsam)",
    "CONTROLS.TokenSet": "Token Steuerung anpassen",
    "CONTROLS.TokenSheet": "Charakterbogen anzeigen",
    "CONTROLS.TokenWhileMeasure": "während Entfernung gemessen wird",
    "CONTROLS.WallChain": "Ketten-Wandplatzierung",
    "CONTROLS.WallSelectChain": "Verkettete Segmente auswählen",

    "ENTITY.Actor": "Figur",
    "ENTITY.Item": "Gegenstand",
    "ENTITY.Scene": "Szene",
    "ENTITY.JournalEntry": "Tagebucheintrag",
    "ENTITY.Playlist": "Audio Playlist",
    "ENTITY.Combat": "Kampfbegegnung",
    "ENTITY.ChatMessage": "Chat-Nachricht",
    "ENTITY.CreateNew": "Neuen Eintrag erstellen",
    "ENTITY.TypeHint": "Wähle die Art von Entität aus, die du erstellen möchtest",

    "EULA.Acknowledge": "Einverständniserklärung",
    "EULA.Agree": "Zustimmen",
    "EULA.AgreeHint": "Ich stimme diesen Bedingungen zu",

    "INVITATIONS.Copied": "Einladungslink in die Zwischenablage kopiert",
    "INVITATIONS.Instructions": "Teile den untenstehenden Link mit Nutzern, die du zu deinem Spiel einladen möchtest. Der lokale Einladungslink ist für Nutzer gedacht, die sich in deinem Netzwerk befinden, während der Internetlink über das Internet auf den eingestellten Port verbindet.",
    "INVITATIONS.Internet": "Internet",
    "INVITATIONS.Local": "Lokales Netzwerk",
    "INVITATIONS.Title": "Einladungslinks",

    "ITEM.Create": "Gegenstand erstellen",
    "ITEM.Delete": "Gegenstand löschen",
    "ITEM.Search": "Gegenstände durchsuchen ",
    "ITEM.ViewArt": "Gegenstands-Artwork ansehen",

    "HUD.ToggleVis": "Sichtbarkeitszustand umschalten",
    "HUD.ToggleLock": "Sperrzustand umschalten",
    "HUD.ToFront": "In den Vordergrund bringen",
    "HUD.ToBack": "In den Hintergrund stellen",

    "JOURNAL.Search": "Tagebucheinträge durchsuchen",
    "JOURNAL.Create": "Eintrag erstellen",

    "MENU.Reload": "Anwendung neu laden",
    "MENU.Logout": "Ausloggen",
    "MENU.Players": "Spieler konfigurieren",
    "MENU.Setup": "Zum Setup zurückkehren",

    "MODMANAGE.Title": "Modul-Management",
    "MODMANAGE.Instructions": "Benutze diese Maske um zu konfigurieren, welche Module in deiner aktuellen Welt aktiv sind. Änderungen an aktiven Modulen führen dazu, dass die aktuelle Session neu geladen wird.",
    "MODMANAGE.Submit": "Module updaten",

    "PLAYERS.Title": "Spieler",
    "PLAYERS.CharSelect": "Charakter auswählen",
    "PLAYERS.CharRelease": "Charakter freigeben",
    "PLAYERS.ConfigTitle": "Spieler Konfiguration",
    "PLAYERS.PlayerColor": "Spielerfarbe",
    "PLAYERS.SaveConfig": "Konfiguration speichern",

    "PLAYLIST.Create": "Playlist erstellen",
    "PLAYLIST.Delete": "Playlist löschen",
    "PLAYLIST.Edit": "Playlist bearbeiten",
    "PLAYLIST.GlobalVolume": "Globale Lautstärkeeinstellungen",
    "PLAYLIST.ModeDisabled": "Soundboard Only",
    "PLAYLIST.ModeSequential": "Sequentielle Wiedergabe",
    "PLAYLIST.ModeShuffle": "Zufallswiedergabe",
    "PLAYLIST.ModeSimultaneous": "Gleichzeitige Wiedergabe",
    "PLAYLIST.Play": "Playlist apspielen",
    "PLAYLIST.SoundAdd": "Geräusch hinzufügen",
    "PLAYLIST.SoundEdit": "Geräusch bearbeiten",
    "PLAYLIST.SoundDelete": "Geräusch löschen",
    "PLAYLIST.SoundLoop": "Geräusch loopen",
    "PLAYLIST.SoundPlay": "Geräusch abspielen",
    "PLAYLIST.SoundPreload": "Geräusch vorladen",
    "PLAYLIST.SoundVolume": "Geräusch-Lautstärke",
    "PLAYLIST.SoundStop": "Geräusch anhalten",
    "PLAYLIST.Stop": "Playlist anhalten",
    "PLAYLIST.VolPlaylist": "Playlists",
    "PLAYLIST.VolAmbient": "Umgebungsgeräusche",
    "PLAYLIST.VolInterface": "Interface",

    "SCENES.Access" : "Zugang",
    "SCENES.AccessHint" : "Stelle ein wer die Szene bearbeiten kann und ob sie in der Seitenleiste angezeigt wird.",
    "SCENES.Accessibility" : "Zugang",
    "SCENES.AccessibilityGM" : "Nur SL",
    "SCENES.AccessibilityAll" : "Alle Spieler",
    "SCENES.Activate": "Aktivieren",
    "SCENES.AmbienceAtmosphere" : "Erscheinung und Atmosphäre",
    "SCENES.Appearance": "Erscheinung",
    "SCENES.AppearanceHint": "Stelle das Hintergrundbild und die Dimensionen der primären Karte der Szene ein.",
    "SCENES.BackgroundColor" : "Hintergrundfarbe",
    "SCENES.BackgroundImage" : "Hintergrundbild",
    "SCENES.Configure": "Einstellen",
    "SCENES.FogExplore" : "Nebel-Erkundung",
    "SCENES.FogExploreHint" : "Verfolge Entdeckungsfortschritt in dieser Szene, die den Kriegsnebel freilegt.",
    "SCENES.GlobalIllum" : "Golbale Beleuchtung",
    "SCENES.GlobalIllumHint" : "Beleute alle Bereiche in dieser Szene, die ein kontrollierter Token in seinem sichtbaren Bereich hat.",
    "SCENES.GridColor" : "Gitterfarbe",
    "SCENES.GridConfig" : "Gitter",
    "SCENES.GridConfigHint" : "Stelle die Dimensionen des Gitters ein, die genutzt werden, um Token-Bewegung in dieser Szene zu messen.",
    "SCENES.GridDist" : "Gitter-Abstand",
    "SCENES.GridUnits" : "Gitter-Einheiten",
    "SCENES.GridOpacity" : "Gitter-Transparenz",
    "SCENES.GridType" : "Gitter-Typ",
    "SCENES.GridSize" : "Gitter-Größe",
    "SCENES.Height" : "Höhe",
    "SCENES.LightHeader" : "Beleuchtung und Sicht",
    "SCENES.Notes": "Szenen-Notizen",
    "SCENES.Pixels" : "pixel",
    "SCENES.Preload": "Szene vorladen",
    "SCENES.SceneName": "Szenenname",
    "SCENES.ShowNav" : "In Navigation anzeigen",
    "SCENES.ShiftHorz" : "Horizontal verschieben",
    "SCENES.ShiftVert" : "Vertikal verschieben",
    "SCENES.TokenVision" : "Token-Sicht",
    "SCENES.TokenVisionHint" : "Sichtbarkeit in dieser Szene basierend auf kontrollierten Tokens und deren Sicht einschränken..",
    "SCENES.ToggleNav": "In Navigation anzeigen/ausblenden",
    "SCENES.Units" : "Einheiten",
    "SCENES.Width" : "Breite",
    "SCENES.WeatherEffect" : "Wettereffekt",
    "SCENES.WeatherEffectHint" : "Stelle die Wettereffekte ein, die für die aktuelle Szene gelten.",

    "SETTINGS.Configure": "Einstellungen anpassen",
    "SETTINGS.Controls": "Steuerungsübersicht",
    "SETTINGS.Docs": "Dokumentation ansehen",
    "SETTINGS.Invite": "Einladungslinks",
    "SETTINGS.Manage": "Module verwalten",
    "SETTINGS.Title": "Spieleinstellungen anpassen",
    "SETTINGS.Update": "Software aktualisieren",
    "SETTINGS.Logout": "Ausloggen",
    "SETTINGS.Players": "Spieler anpassen",
    "SETTINGS.Reset": "Auf Standardwerte zurücksetzen",
    "SETTINGS.Save": "Änderungen speichern",
    "SETTINGS.Setup": "Zu Setup zurückkehren",
    "SETTINGS.SettingsHeader": "Spieleinstellungen",
    "SETTINGS.DocsHeader": "Hilfedokumentation",
    "SETTINGS.InviteHeader": "Spiel-Einladungslinks",
    "SETTINGS.Wiki": "Community Wiki-Seiten",
    "SETTINGS.LangN": "Spracheinstellung",
    "SETTINGS.LangL": "Ändere die Anzeigesprache für Foundry Virtual Tabletop.",
    "SETTINGS.TrustUpN": "'Vertrauenswürdige Spieler'-Upload erlauben",
    "SETTINGS.TrustUpL": "Erlaue Spieler mit dem 'Vertrauenswürdig'-Level Bilder oder Audiodateien zum öffentlichen Verzeichnis des Host-Servers hochzuladen.",
    "SETTINGS.PDoorN": "Spieler Türsteuerung",
    "SETTINGS.PDoorL": "Erlaube Spielern mit Türen zu interagieren. Wenn diese Option deaktiviert ist, sind Tür-Icons sichtbar, um anzuzeigen, dass eine Tür vorhanden ist, aber nur der Spielleiter kann sie öffnen oder schließen.",
    "SETTINGS.CBubN": "Chat-Sprechblasen aktivieren",
    "SETTINGS.CBubL": "Stelle ein, ob Chat-Sprechblasen für In-Character- und Emote-Messages oberhalb der Tokens angezeigt werden.",
    "SETTINGS.SMesgN": "Erlaube Geheime Nachrichten",
    "SETTINGS.SMesgL": "Erlaube Spielern einander Flüster-Nachrichten zu senden, die der Spielleiter nicht sehen kann. Wenn diese Option nicht aktiv ist, können Spielleiter den Inhalt von Flüster-Nachrichten sehen, die Spieler einander schicken.",
    "SETTINGS.SoftSN": "Weiche Schatten aktivieren",
    "SETTINGS.SoftSL": "Aktiviere weiche Schatten für eine schönere dynamische Beleuchtung oder deaktiviere sie für eine verbesserte Leistung auf Systemen mit älterer Hardware.",
    "SETTINGS.CursorN": "Spieler-Mauszeiger anzeigen",
    "SETTINGS.CursorL": "Zeige die Position von Spieler-Mauszeigern an, die angeben wohin verbundene Nutzer auf der Spiel-Leinwand sehen.",
    "SETTINGS.TabCore": "Grundeinstellungen",
    "SETTINGS.TabModule": "Moduleinstellungen",
    "SETTINGS.TabSystem": "Systemeinstellungen",
    "SETTINGS.NoneCore": "Es wurden keine Grundeinstellungen erfasst.",
    "SETTINGS.NoneModule": "Es wurden keine Moduleinstellungen erfasst",
    "SETTINGS.NoneSystem": "Es wurden keine Systemeinstellungen erfasst.",

    "SETUP.ModuleInstall": "Modul installieren",
    "SETUP.Modules": "Add-on Module",
    "SETUP.SystemInstall": "System installieren",
    "SETUP.Systems": "Spielsysteme",
    "SETUP.Title": "Einstellungen und Setup",
    "SETUP.Update": "Software aktualisieren",
    "SETUP.UpdateAll": "Alle aktualisieren",
    "SETUP.UpdateCheck": "Aktualisierung suchen",
    "SETUP.UpdateCheckFor": "Nach Aktualisierung suchen",
    "SETUP.UpdateWarning": "Bitte lies die Anleitung aufmerksam, bevor du den Core Software Updater benutzt.",
    "SETUP.UpdateInstructionsP1": "Der Foundry Virtual Tabletop Self-Updater wird verwendet, um die Core Software-Version zu aktualisieren, wenn neue Release-Keys bereitgestellt werden. Dieses Tool aktualisiert automatisch deine Foundry VTT-Installation, wenn ein verfügbares Aktualisierungspaket zur Verfügung steht. Um eine Aktualisierung freizuschalten, musst du einen gültigen Test-Update Key eingeben, der während der Beta-Testphase bereitgestellt wird.",
    "SETUP.UpdateInstructionsP2": "Alle persönlichen Inhalte, die du im öffentlichen Verzeichnis erstellt hast, bleiben während des Aktualisierungsprozesses erhalten. Dennoch wird empfohlen, ein manuelles Backup von zentralen Inhalten (wie deinen Welten) anzulegen, da während der Testphasen gelegentlich Bugs während der Aktualisierung auftreten können. Bitte triff Vorkehrungen bei Inhalten, wo Datenverlust besonders ärgerlich sein könnte.",
    "SETUP.UpdateKey": "Update Key",
    "SETUP.UpdateKeyHint": "Gib einen Update Access Key ein, um fortzufahren.",
    "SETUP.UpdateTitle": "Core Software aktualisieren",
    "SETUP.Uninstall": "Deinstallieren",
    "SETUP.WorldCreate": "Welt erstellen",
    "SETUP.WorldEdit": "Welt bearbeiten",
    "SETUP.WorldLaunch": "World starten",
    "SETUP.Worlds": "Spielwelten",

    "SHEETS.EntitySheetHint": "Überschreiben, welche Bogen-Art du für diese spezielle Entität benutzen möchtest.",
    "SHEETS.TypeSheetHint": "Die Standard-Bogen-Art für diesen Entitätstyp festlegen (nur SL).",
    "SHEETS.Save": "Bogen-Konfiguration speichern",

    "SIDEBAR.CharArt": "Charakter Artwork anzeigen",
    "SIDEBAR.CollapseToggle": "Ein- oder Ausklappen",
    "SIDEBAR.Delete": "Löschen",
    "SIDEBAR.DeleteConfirm": "<h3>Bist du sicher?</h3><p>Diese Entität wird <strong>dauerhaft gelöscht</strong>.</p>",
    "SIDEBAR.Duplicate": "Duplizieren",
    "SIDEBAR.Export": "Daten exportieren",

    "FOLDER.Clear": "Ordner leeren",
    "FOLDER.Color": "Ordnerfarbe",
    "FOLDER.Create": "Ordner erstellen",
    "FOLDER.Collapse": "Alle Ordner einklappen",
    "FOLDER.Delete": "Alle löschen",
    "FOLDER.DeleteConfirm": "<h3>Bist du sicher?</h3><p>Dieser Ordner und seine Inhalte werden <strong>dauerhaft gelöscht</strong> und können nicht wieder hergestellt werden.</p>",
    "FOLDER.Edit": "Ordner bearbeiten",
    "FOLDER.Name": "Ordnername",
    "FOLDER.Remove": "Ordner entfernen",
    "FOLDER.RemoveConfirm": "<h3>Bist du sicher?</h3><p>Dieser Ordner wird gelöscht und seine Inhalte werden in einen Überordner verschoben.</p>",
    "FOLDER.Update": "Order aktualisieren",

    "SIDEBAR.Import": "Daten importieren",
    "SIDEBAR.Permissions": "Berechtigung einrichten",

    "SIDEBAR.SceneActivate": "Szene aktivieren",
    "SIDEBAR.SceneConfig": "Szene konfigurieren",
    "SIDEBAR.SceneCreate": "Szene erstellen",
    "SIDEBAR.SceneNav": "In Navigation anzeigen",
    "SIDEBAR.SceneNotes": "Szenen-Notizen",
    "SIDEBAR.SceneSearch": "Szenen durchsuchen",
    "SIDEBAR.TabChat": "Chat Log",
    "SIDEBAR.TabCombat": "Kampf-Tracker",
    "SIDEBAR.TabScenes": "Szenenverzeichnis",
    "SIDEBAR.TabActors": "Figurenverzeichnis",
    "SIDEBAR.TabItems": "Gegenstandsverzeichnis",
    "SIDEBAR.TabJournal": "Tagebucheinträge",
    "SIDEBAR.TabPlaylists": "Audio-Playlists",
    "SIDEBAR.TabCompendium": "Kompendium-Pakete",
    "SIDEBAR.TabSettings": "Spieleinstellungen",
    "SIDEBAR.TokenArt": "Token-Artwork anzeigen",
    "SIDEBAR.JumpPin": "Zu Pin springen",

    "TABLE.AnimateSetting": "Würfeltabellen animieren?",
    "TABLE.AnimateSettingHint": "Stelle ein, ob eine Roulette-Animation angezeigt wird, wenn aus einer Würfeltabelle gezogen wird.",
    "TABLE.Create": "Tabelle erstellen",
    "TABLE.DisplayRoll": "Wurf im Chat anzeigen?",
    "TABLE.Formula": "Würfeltabelle-Formel",
    "TABLE.Search": "Tabelle durchsuchen",
    "TABLE.SheetTitle": "Würfeltabelle-Einstellungen",
    "TABLE.Normalize": "Ergebnisgewichtung normalisieren",
    "TABLE.Replacement": "Mit Ersatz ziehen?",
    "TABLE.Reset": "Zurücksetzen",
    "TABLE.ResultCreate": "Neues Ergebnis hinzufügen",
    "TABLE.ResultType": "Ergebnistyp",
    "TABLE.ResultDetails": "Ergebnisdetails",
    "TABLE.ResultDelete": "Ergebnis löschen",
    "TABLE.ResultWeight": "Gewicht",
    "TABLE.ResultRange": "Reichweite",
    "TABLE.Roll": "Wurf",
    "TABLE.ToggleDrawn": "Gezogen-Status umschalten",
    "TABLE.Update": "Aktualisieren",

    "TOKEN.Assign": "Token zuweisen",
    "TOKEN.CharActor": "Repräsentierte Figur",
    "TOKEN.CharDisposition": "Token-Ausrictung",
    "TOKEN.CharInstructions": "Stelle ein, welcher Figur dieser Token zugeordnet ist.",
    "TOKEN.CharLink": "Figur-Daten verbinden",
    "TOKEN.CharNameplate": "Token-Name",
    "TOKEN.CharShowNameplate": "Namen anzeigen",
    "TOKEN.ImageAlts": "Alternative Figur-Tokens",
    "TOKEN.ImageInstructions": "Stelle das Token-Bild und seine Anzeigegröße ein.",
    "TOKEN.ImagePath": "Token-Bildpfad",
    "TOKEN.PositionInstructions": "Stelle die Position, Ausrichtung und Höhe des Tokens ein.",
    "TOKEN.PositionLock": "Rotation sperren",
    "TOKEN.RandomImg": "Randomize Wildcard Images",
    "TOKEN.ResourceInstructions": "Stelle die Ressourcen-Leisten ein, die für den Token verfolgt werden.",
    "TOKEN.ResourceBar1A": "Leiste 1 Attribut",
    "TOKEN.ResourceBar1D": "Leiste 1 Daten",
    "TOKEN.ResourceBar2A": "Leiste 2 Attribut",
    "TOKEN.ResourceBar2D": "Leiste 2 Daten",
    "TOKEN.ResourceDisplay": "Leisten anzeigen",
    "TOKEN.Title": "Token Einstellungen",
    "TOKEN.TitlePrototype": "Prototyp-Token",
    "TOKEN.Update": "Token aktualisieren",
    "TOKEN.VisionInstructions": "Stelle die Sicht und Lichtabgabe dieses Tokens ein.",
    "TOKEN.VisionHas": "Hat Sicht",
    "TOKEN.VisionBrightDist": "Helle Sicht",
    "TOKEN.VisionBrightEmit": "Helles Licht abgeben",
    "TOKEN.VisionDimDist": "Schwache Sicht",
    "TOKEN.VisionDimEmit": "Schwaches Licht abgeben",
    "TOKEN.VisionLightAngle": "Abgabewinkel",
    "TOKEN.VisionSightAngle": "Sichtwinkel",
    "TOKEN.HOSTILE": "Feindlich",
    "TOKEN.NEUTRAL": "Neutral",
    "TOKEN.FRIENDLY": "Freundlich",

    "WALLS.Title": "Wand-Konfiguration",
    "WALLS.TitleMany": "Wand-Konfiguration [mehrere]",
    "WALLS.Instructions": "Passe an, wie dieses Wand-Segment Bewegung oder Sinne einschränkt.",
    "WALLS.Coordinates": "Wand-Koordinaten",
    "WALLS.Movement": "Bewegungsbeschränkung",
    "WALLS.Senses": "Wahrnhemungsbeschränkung",
    "WALLS.Direction": "Wand-Richtung",
    "WALLS.Door": "Tür?",
    "WALLS.DoorState": "Tür-Zustand",
    "WALLS.Submit": "Wand aktualisieren",

    "WORLD.DetailTab": "Welt-Details",
    "WORLD.DescTab": "Welt-Beschreibung"
  }
