{
    "name": "de-DE",
    "title": "FoundryVTT - de-DE",
    "description": "Add German (GERMANY) language to FoundryVTT",
    "version": "0.3.9.1",
    "author": "Hydroxi",
    
    "scripts": [],
    "styles": [],
    "packs": [],
    
    "languages": [
      {
        "lang": "de",
        "name": "German (GERMANY)",
        "path": "de.json"
      }
    ],
    
    "url": "https://github.com/Hydroxi/foundryvtt-german",
	  "manifest": "https://raw.githubusercontent.com/Hydroxi/foundryvtt-german/master/de-DE/module.json",
	  "download": "https://raw.githubusercontent.com/Hydroxi/foundryvtt-german/master/de-DE/de-DE.zip"
  }
